;;4;;8;
IN;OUT;IN;OUT;IN;OUT
324,3000000000;20,0000000000;1297,2;80;2594,4;160
101,6797621383;19,9054938765;406,7190486;79,62197551;813,4380971;159,243951
48,1662388433;19,6597514911;192,6649554;78,63900596;385,3299107;157,2780119
91,2988760880;19,3588309341;365,1955044;77,43532374;730,3910087;154,8706475
170,2510340561;19,0405428078;681,0041362;76,16217123;1362,008272;152,3243425
261,7537585603;18,7192416125;1047,015034;74,87696645;2094,030068;149,7539329
356,9377579431;18,4003099207;1427,751032;73,60123968;2855,502064;147,2024794
452,4477010508;18,0857099751;1809,790804;72,3428399;3619,581608;144,6856798
547,0344880842;17,7761077311;2188,137952;71,10443092;4376,275905;142,2088618
640,2501102117;17,4716830656;2561,000441;69,88673226;5122,000882;139,7734645
731,0396049729;17,1754042249;2924,15842;68,7016169;5848,31684;137,4032338
821,2040248965;16,8812246483;3284,8161;67,52489859;6569,632199;135,0497972
909,8260636969;16,5920809502;3639,304255;66,3683238;7278,60851;132,7366476
996,9273060982;16,3078862271;3987,709224;65,23154491;7975,418449;130,4630898
1 082,5335648471;16,0285538504;4330,134259;64,1142154;8660,268519;128,2284308
1 166,6714045082;15,7539990157;4666,685618;63,01599606;9333,371236;126,0319921
1 249,3670209378;15,4841390290;4997,468084;61,93655612;9994,936168;123,8731122
1 330,6459522513;15,2188932084;5322,583809;60,87557283;10645,16762;121,7511457
1 410,5330613460;14,9581827062;5642,132245;59,83273082;11284,26449;119,6654616
1 489,0525915477;14,7019303432;5956,210366;58,80772137;11912,42073;117,6154427
1 565,4630493773;14,4525577274;6261,852198;57,81023091;12523,7044;115,6204618
1 641,3310741197;14,2049534326;6565,324296;56,81981373;13130,64859;113,6396275
1 715,9008879099;13,9615853053;6863,603552;55,84634122;13727,2071;111,6926824
1 789,1947842093;13,7223817888;7156,779137;54,88952716;14313,55827;109,7790543
1 861,2346462088;13,4872725815;7444,938585;53,94909033;14889,87717;107,8981807
1 932,0419638057;13,2561885986;7728,167855;53,02475439;15456,33571;106,0495088
2 001,6378468913;13,0290619390;8006,551388;52,11624776;16013,10278;104,2324955
2 070,0430361461;12,8058258562;8280,172145;51,22330342;16560,34429;102,4466068
2 137,2779121633;12,5864147318;8549,111649;50,34565893;17098,2233;100,6913179
2 203,3625034412;12,3707640510;8813,450014;49,4830562;17626,90003;98,96611241
2 267,6724863713;12,1609118216;9070,689945;48,64364729;18141,37989;97,28729457
2 331,5262387069;11,9525567419;9326,104955;47,81022697;18652,20991;95,62045394
2 394,2875603190;11,7477755646;9577,150241;46,99110226;19154,30048;93,98220452
2 455,9751420320;11,5465079568;9823,900568;46,18603183;19647,80114;92,37206365
2 516,6073544969;11,3486945830;10066,42942;45,39477833;20132,85884;90,78955666
2 576,2022538081;11,1542770849;10304,80902;44,61710834;20609,61803;89,23421668
2 634,7775869784;10,9631980632;10539,11035;43,85279225;21078,2207;87,70558451
2 692,3507972820;10,7754010587;10769,40319;43,10160423;21538,80638;86,20320847
2 748,9390294928;10,5908305353;10995,75612;42,36332214;21991,51224;84,72664428
2 804,5591350148;10,4094318617;11218,23654;41,63772745;22436,47308;83,27545489
2 858,6856480514;10,2329188408;11434,74259;40,93167536;22869,48518;81,86335073
2 912,4281791866;10,0576731175;11649,71272;40,23069247;23299,42543;80,46138494
2 965,2512688758;9,8854411318;11861,00508;39,54176453;23722,01015;79,08352905
3 017,1706472100;9,7161717009;12068,68259;38,8646868;24137,36518;77,72937361
3 068,2017751547;9,5498144672;12272,8071;38,19925787;24545,6142;76,39851574
3 118,3598491563;9,3863198838;12473,4394;37,54527954;24946,87879;75,09055907
3 167,6598056685;9,2256392000;12670,63922;36,9025568;25341,27845;73,8051136
3 216,1163256003;9,0677244473;12864,4653;36,27089779;25728,9306;72,54179558
3 263,7438386910;8,9125284260;13054,97535;35,6501137;26109,95071;71,30022741
3 310,5565278050;8,7600046920;13242,22611;35,04001877;26484,45222;70,08003754
3 356,1121342932;8,6115936622;13424,44854;34,44637465;26848,89707;68,8927493
3 401,3445623712;8,4642525336;13605,37825;33,85701013;27210,7565;67,71402027
3 445,8031421787;8,3194492068;13783,21257;33,27779683;27566,42514;66,55559365
3 489,5011128914;8,1771401289;13958,00445;32,70856052;27916,0089;65,41712103
3 532,4514871839;8,0372824428;14129,80595;32,14912977;28259,6119;64,29825954
3 574,6670551003;7,8998339757;14298,66822;31,5993359;28597,33644;63,19867181
3 616,1603878654;7,7647532285;14464,64155;31,05901291;28929,2831;62,11802583
3 656,9438416285;7,6319993657;14627,77537;30,52799746;29255,55073;61,05599493
3 697,0295611434;7,5015322053;14788,11824;30,00612882;29576,23649;60,01225764
3 736,4294833844;7,3733122088;14945,71793;29,49324884;29891,43587;58,98649767
3 774,7713811141;7,2485497847;15099,08552;28,99419914;30198,17105;57,98839828
3 812,8412752198;7,1246865159;15251,3651;28,49874606;30502,7302;56,99749213
3 850,2598591656;7,0029559381;15401,03944;28,01182375;30802,07887;56,0236475
3 887,0382756792;6,8833209894;15548,1531;27,53328396;31096,30621;55,06656792
3 923,1874768533;6,7657452073;15692,74991;27,06298083;31385,49981;54,12596166
3 958,7182274067;6,6501927201;15834,87291;26,60077088;31669,74582;53,20154176
3 993,6411078924;6,5366282391;15974,56443;26,14651296;31949,12886;52,29302591
4 027,9665178466;6,4250170508;16111,86607;25,7000682;32223,73214;51,40013641
4 061,7046788856;6,3153250093;16246,81872;25,26130004;32493,63743;50,52260007
4 094,8656377520;6,2075185292;16379,46255;24,83007412;32758,9251;49,66014823
4 127,1361092510;6,1026150547;16508,54444;24,41046022;33017,08887;48,82092044
4 159,1776481248;5,9984631050;16636,71059;23,99385242;33273,42118;47,98770484
4 190,6710108806;5,8960995680;16762,68404;23,58439827;33525,36809;47,16879654
4 221,6255757940;5,7954930243;16886,5023;23,1819721;33773,00461;46,36394419
4 252,0505606916;5,6966125803;17008,20224;22,78645032;34016,40449;45,57290064
4 281,9550257017;5,5994278624;17127,8201;22,39771145;34255,64021;44,7954229
4 311,3478759503;5,5039090103;17245,3915;22,01563604;34490,78301;44,03127208
4 340,2378642129;5,4100266707;17360,95146;21,64010668;34721,90291;43,28021337
4 368,6335935215;5,3177519917;17474,53437;21,27100797;34949,06875;42,54201593
4 396,5435197279;5,2270566162;17586,17408;20,90822646;35172,34816;41,81645293
4 423,7039663222;5,1387965267;17694,81587;20,55518611;35389,63173;41,11037221
4 450,6717309535;5,0511615317;17802,68692;20,20464613;35605,37385;40,40929225
4 477,1781223073;4,9650239477;17908,71249;19,86009579;35817,42498;39,72019158
4 503,2310336272;4,8803573346;18012,92413;19,52142934;36025,84827;39,04285868
4 528,8382231184;4,7971357187;18115,35289;19,18854287;36230,70578;38,37708575
4 554,0073162619;4,7153335866;18216,02927;18,86133435;36432,05853;37,72266869
4 578,7458080811;4,6349258797;18314,98323;18,53970352;36629,96646;37,07940704
4 603,0610653763;4,5558879887;18412,24426;18,22355195;36824,48852;36,44710391
4 626,9603289181;4,4781957480;18507,84132;17,91278299;37015,68263;35,82556598
4 650,4507156041;4,4018254302;18601,80286;17,60730172;37203,60572;35,21460344
4 673,3103021680;4,3274981043;18693,24121;17,30999242;37386,48242;34,61998483
4 696,0077173165;4,2536895285;18784,03087;17,01475811;37568,06174;34,02951623
4 718,3168170693;4,1811344884;18873,26727;16,72453795;37746,53454;33,44907591
4 740,2442448096;4,1098109493;18960,97698;16,4392438;37921,95396;32,87848759
4 761,7965302688;4,0396972867;19047,18612;16,15878915;38094,37224;32,31757829
4 782,9800914684;3,9707722811;19131,92037;15,88308912;38263,84073;31,76617825
4 803,8012366344;3,9030151118;19215,20495;15,61206045;38430,40989;31,22412089
4 824,2661660728;3,8364053519;19297,06466;15,34562141;38594,12933;30,69124282
4 844,3809740177;3,7709229623;19377,5239;15,08369185;38755,04779;30,1673837
4 864,1516504454;3,7065482860;19456,6066;14,82619314;38913,2132;29,65238629
4 883,3914137592;3,6438895797;19533,56566;14,57555832;39067,13131;29,15111664
4 902,4946851942;3,5816622566;19609,97874;14,32664903;39219,95748;28,65329805
4 921,2711307871;3,5204860956;19685,08452;14,08194438;39370,16905;28,16388876
4 939,7263419813;3,4603429076;19758,90537;13,84137163;39517,81074;27,68274326
4 957,8658145674;3,4012148569;19831,46326;13,60485943;39662,92652;27,20971885
4 975,6949503120;3,3430844553;19902,7798;13,37233782;39805,5596;26,74467564
4 993,2190585748;3,2859345565;19972,87623;13,14373823;39945,75247;26,28747645
5 010,4433578835;3,2297483499;20041,77343;12,9189934;40083,54686;25,8379868
5 027,3729774884;3,1745093545;20109,49191;12,69803742;40218,98382;25,39607484
5 043,8479764465;3,1207399365;20175,39191;12,48295975;40350,78381;24,96591949
5 060,2060974847;3,0673381362;20240,82439;12,26935254;40481,64878;24,53870509
5 076,2843577675;3,0148361781;20305,13743;12,05934471;40610,27486;24,11868942
5 092,0875452805;2,9632188379;20368,35018;11,85287535;40736,70036;23,7057507
5 107,6203660981;2,9124711914;20430,48146;11,64988477;40860,96293;23,29976953
5 122,8874457840;2,8625786083;20491,54978;11,45031443;40983,09957;22,90062887
5 137,8933307697;2,8135267462;20551,57332;11,25410698;41103,14665;22,50821397
5 152,6424897081;2,7653015444;20610,56996;11,06120618;41221,13992;22,12241236
5 167,1393148018;2,7178892181;20668,55726;10,87155687;41337,11452;21,74311374
5 181,3881231136;2,6712762522;20725,55249;10,68510501;41451,10498;21,37021002
5 195,2543004297;2,6259038155;20781,0172;10,50361526;41562,0344;21,00723052
5 209,0221078269;2,5808424065;20836,08843;10,32336963;41672,17686;20,64673925
5 222,5543708859;2,5365414972;20890,21748;10,14616599;41780,43497;20,29233198
5 235,8551194349;2,4929885891;20943,42048;9,971954356;41886,84096;19,94390871
5 248,9283143607;2,4501714237;20995,71326;9,800685695;41991,42651;19,60137139
5 261,7778487886;2,4080779762;21047,1114;9,632311905;42094,22279;19,26462381
5 274,4075492385;2,3666964502;21097,6302;9,466785801;42195,26039;18,9335716
5 286,8211767639;2,3260152717;21147,28471;9,304061087;42294,56941;18,60812217
5 299,0224280777;2,2860230830;21196,08971;9,144092332;42392,17942;18,28818466
5 311,0149366448;2,2467087376;21244,05975;8,986834951;42488,11949;17,9736699
5 322,6854044201;2,2084445028;21290,74162;8,833778011;42581,48324;17,66755602
5 334,2730797402;2,1704467104;21337,09232;8,681786842;42674,18464;17,36357368
5 345,6625097635;2,1330946351;21382,65004;8,53237854;42765,30008;17,06475708
5 356,8570861990;2,0963779163;21427,42834;8,385511665;42854,85669;16,77102333
5 367,8601427286;2,0602863768;21471,44057;8,241145507;42942,88114;16,48229101
5 378,6749559975;2,0248100177;21514,69982;8,099240071;43029,39965;16,19848014
5 389,3047465937;1,9899390131;21557,21899;7,959756052;43114,43797;15,9195121
5 399,7526800040;1,9556637050;21599,01072;7,82265482;43198,02144;15,64530964
5 410,0218675567;1,9219745985;21640,08747;7,687898394;43280,17494;15,37579679
5 420,1153673512;1,8888623568;21680,46147;7,555449427;43360,92294;15,11089885
5 429,9378220173;1,8566404622;21719,75129;7,426561849;43439,50258;14,8531237
5 439,6905950162;1,8246490070;21758,76238;7,298596028;43517,52476;14,59719206
5 449,2765153988;1,7932073969;21797,10606;7,172829587;43594,21212;14,34565917
5 458,6984377786;1,7623068800;21834,79375;7,04922752;43669,5875;14,09845504
5 467,9591679326;1,7319388404;21871,83667;6,927755362;43743,67334;13,85551072
5 477,0614636295;1,7020947935;21908,24585;6,808379174;43816,49171;13,61675835
5 486,0080354577;1,6727663822;21944,03214;6,691065529;43888,06428;13,38213106
5 494,8015476275;1,6439453732;21979,20619;6,575781493;43958,41238;13,15156299
5 503,4446187655;1,6156236529;22013,77848;6,462494612;44027,55695;12,92498922
5 511,9398226951;1,5877932241;22047,75929;6,351172896;44095,51858;12,70234579
5 520,2069017600;1,5607173054;22080,82761;6,242869222;44161,65521;12,48573844
5 528,4153336924;1,5338411978;22113,66133;6,135364791;44227,32267;12,27072958
5 536,4833344344;1,5074331301;22145,93334;6,02973252;44291,86668;12,05946504
5 544,4133065455;1,4814855360;22177,65323;5,925942144;44355,30645;11,85188429
5 552,2076114782;1,4559909498;22208,83045;5,823963799;44417,66089;11,6479276
5 559,8685702800;1,4309420031;22239,47428;5,723768012;44478,94856;11,44753602
5 567,3984642860;1,4063314231;22269,59386;5,625325692;44539,18771;11,25065138
5 574,7995357974;1,3821520292;22299,19814;5,528608117;44598,39629;11,05721623
5 582,0739887510;1,3583967312;22328,29596;5,433586925;44656,59191;10,86717385
5 589,2239893754;1,3350585273;22356,89596;5,340234109;44713,79192;10,68046822
5 596,1819886560;1,3123577738;22384,72795;5,249431095;44769,45591;10,49886219
5 603,0906277427;1,2898290943;22412,36251;5,159316377;44824,72502;10,31863275
5 609,8810729296;1,2676970789;22439,52429;5,070788316;44879,04858;10,14157663
5 616,5553462979;1,2459550583;22466,22139;4,983820233;44932,44277;9,967640466
5 623,1154353317;1,2245964426;22492,46174;4,89838577;44984,92348;9,796771541
5 629,5632935113;1,2036147197;22518,25317;4,814458879;45036,50635;9,628917758
5 635,9008408908;1,1830034545;22543,60336;4,732013818;45087,20673;9,464027636
5 642,1299646730;1,1627562873;22568,51986;4,651025149;45137,03972;9,302050298
5 648,2525197721;1,1428669331;22593,01008;4,571467733;45186,02016;9,142935465
5 654,2703293634;1,1233291809;22617,08132;4,493316724;45234,16263;8,986633447
5 660,1265406800;1,1043271251;22640,50616;4,4173085;45281,01233;8,834617001
5 665,9412078451;1,0854708702;22663,76483;4,341883481;45327,52966;8,683766961
5 671,6563968267;1,0669480786;22686,62559;4,267792315;45373,25117;8,535584629
5 677,2738094865;1,0487528272;22709,09524;4,195011309;45418,19048;8,390022617
5 682,7951185648;1,0308792634;22731,18047;4,123517054;45462,36095;8,247034107
5 688,2219681847;1,0133216058;22752,88787;4,053286423;45505,77575;8,106572846
5 693,5559743365;0,9960741433;22774,2239;3,984296573;45548,44779;7,968593146
5 698,7987253646;0,9791312354;22795,1949;3,916524942;45590,3898;7,833049883
5 703,9517824355;0,9624873121;22815,80713;3,849949248;45631,61426;7,699898497
5 709,0166800090;0,9461368739;22836,06672;3,784547496;45672,13344;7,569094991
5 713,9455678601;0,9302337075;22855,78227;3,72093483;45711,56454;7,44186966
5 718,8394896801;0,9144512229;22875,35796;3,657804892;45750,71592;7,315609783
5 723,6496851978;0,8989462020;22894,59874;3,595784808;45789,19748;7,191569616
5 728,3775867713;0,8837134282;22913,51035;3,534853713;45827,02069;7,069707426
5 733,0246022525;0,8687477568;22932,09841;3,474991027;45864,19682;6,949982055
5 737,5921154063;0,8540441150;22950,36846;3,41617646;45900,73692;6,83235292
5 742,0814863244;0,8395975023;22968,32595;3,358390009;45936,65189;6,716780019
5 746,4940518292;0,8254029911;22985,97621;3,301611964;45971,95241;6,603223929
5 750,8311258728;0,8114557268;23003,3245;3,245822907;46006,64901;6,491645815
5 755,0939999275;0,7977509287;23020,376;3,191003715;46040,752;6,382007429
5 759,2424008293;0,7844173987;23036,9696;3,137669595;46073,93921;6,27533919
5 763,3613720494;0,7711811787;23053,44549;3,084724715;46106,89098;6,16944943
5 767,4098744812;0,7581735740;23069,6395;3,032694296;46139,279;6,065388592
5 771,3891136695;0,7453901021;23085,55645;2,981560408;46171,11291;5,963120817
5 775,3002745389;0,7328263566;23101,2011;2,931305426;46202,4022;5,862610852
5 779,1445217403;0,7204780071;23116,57809;2,881912028;46233,15617;5,763824057
5 782,9230000025;0,7083408001;23131,692;2,8333632;46263,384;5,666726401
5 786,6368344714;0,6964105591;23146,54734;2,785642236;46293,09468;5,571284473
5 790,2871310441;0,6846831851;23161,14852;2,73873274;46322,29705;5,477465481
5 793,8749767021;0,6731546567;23175,49991;2,692618627;46350,99981;5,385237254
5 797,3664755788;0,6619334148;23189,4659;2,647733659;46378,9318;5,295467318
5 800,8332044710;0,6507889342;23203,33282;2,603155737;46406,66564;5,206311474
5 804,2406228544;0,6398317414;23216,96249;2,559326966;46433,92498;5,118653931
5 807,5897453952;0,6290581272;23230,35898;2,516232509;46460,71796;5,032465018
5 810,8815694010;0,6184644612;23243,52628;2,473857845;46487,05256;4,947715689
5 814,1170751203;0,6080471914;23256,4683;2,432188765;46512,9366;4,864377531
5 817,2972260339;0,5978028444;23269,1889;2,391211377;46538,37781;4,782422755
5 820,4229691417;0,5877280253;23281,69188;2,350912101;46563,38375;4,701824202
5 823,4952352442;0,5778194173;23293,98094;2,311277669;46587,96188;4,622555339
5 826,5149392227;0,5680737819;23306,05976;2,272295128;46612,11951;4,544590255
5 829,4535527102;0,5585830355;23317,81421;2,234332142;46635,62842;4,468664284
5 832,3713182111;0,5491523875;23329,48527;2,19660955;46658,97055;4,3932191
5 835,2391647827;0,5398754906;23340,95666;2,159501962;46681,91332;4,319003925
5 838,0579464442;0,5307494138;23352,23179;2,122997655;46704,46357;4,24599531
5 840,8285026024;0,5217713020;23363,31401;2,087085208;46726,62802;4,174170416
5 843,5516583125;0,5129383751;23374,20663;2,0517535;46748,41327;4,103507001
5 846,2282245133;0,5042479277;23384,9129;2,016991711;46769,8258;4,033983421
5 848,8589982743;0,4956973278;23395,43599;1,982789311;46790,87199;3,965578623
5 851,4447630289;0,4872840165;23405,77905;1,949136066;46811,5581;3,898272132
5 853,9862888141;0,4790055063;23415,94516;1,916022025;46831,89031;3,832044051
5 856,4595648392;0,4709401948;23425,83826;1,883760779;46851,67652;3,767521558
5 858,9152940704;0,4629228187;23435,66118;1,851691275;46871,32235;3,70338255
5 861,3290090557;0,4550332252;23445,31604;1,820132901;46890,63207;3,640265802
5 863,7014286060;0,4472692030;23454,80571;1,789076812;46909,61143;3,578153624
5 866,0332592359;0,4396286069;23464,13304;1,758514428;46928,26607;3,517028855
5 868,3251953769;0,4321093565;23473,30078;1,728437426;46946,60156;3,456874852
5 870,5779195791;0,4247094349;23482,31168;1,69883774;46964,62336;3,397675479
5 872,7921027215;0,4174268870;23491,16841;1,669707548;46982,33682;3,339415096
5 874,9684042048;0,4102598181;23499,87362;1,641039273;46999,74723;3,282078545
5 877,1074721525;0,4032063927;23508,42989;1,612825571;47016,85978;3,225651142
5 879,1890979730;0,3963336998;23516,75639;1,585334799;47033,51278;3,170669598
5 881,2559556989;0,3895011882;23525,02382;1,558004753;47050,04765;3,116009506
5 883,2874523919;0,3827771663;23533,14981;1,531108665;47066,29962;3,06221733
5 885,2841930575;0,3761600166;23541,13677;1,504640066;47082,27354;3,009280133
5 887,2467723526;0,3696481724;23548,98709;1,478592689;47097,97418;2,957185379
5 889,1757747614;0,3632401153;23556,7031;1,452960461;47113,4062;2,905920922
5 891,0717747708;0,3569343740;23564,2871;1,427737496;47128,5742;2,855474992
5 892,9353370391;0,3507295220;23571,74135;1,402918088;47143,4827;2,805836176
5 894,7670165662;0,3446241757;23579,06807;1,378496703;47158,13613;2,756993406
5 896,5673588568;0,3386169929;23586,26944;1,354467972;47172,53887;2,708935944
5 898,3193553997;0,3327652986;23593,27742;1,331061194;47186,55484;2,662122389
5 900,0589227257;0,3269496214;23600,23569;1,307798485;47200,47138;2,615596971
5 901,7687288391;0,3212283208;23607,07492;1,284913283;47214,14983;2,569826567
5 903,4492829501;0,3156002000;23613,79713;1,2624008;47227,59426;2,5248016
5 905,1010855577;0,3100640936;23620,40434;1,240256374;47240,80868;2,480512748
5 906,7246285993;0,3046188657;23626,89851;1,218475463;47253,79703;2,436950926
5 908,3203955951;0,2992634088;23633,28158;1,197053635;47266,56316;2,39410727
5 909,8888617917;0,2939966409;23639,55545;1,175986564;47279,11089;2,351973127
5 911,4304943070;0,2888175043;23645,72198;1,155270017;47291,44395;2,310540034
5 912,9457522649;0,2837249637;23651,78301;1,134899855;47303,56602;2,269799709
5 914,4203204438;0,2787676533;23657,68128;1,115070613;47315,36256;2,230141226
5 915,8844279991;0,2738444375;23663,53771;1,09537775;47327,07542;2,1907555
5 917,3234874469;0,2690048372;23669,29395;1,076019349;47338,5879;2,152038697
5 918,7379273619;0,2642478882;23674,95171;1,056991553;47349,90342;2,113983106
5 920,1281689814;0,2595726404;23680,51268;1,038290562;47361,02535;2,076581123
5 921,4946263387;0,2549781554;23685,97851;1,019912622;47371,95701;2,039825243
5 922,8377063770;0,2504635056;23691,35083;1,001854023;47382,70165;2,003708045
5 924,1578090814;0,2460277724;23696,63124;0,98411109;47393,26247;1,968222179
5 925,4553275871;0,2416700446;23701,82131;0,966680178;47403,64262;1,933360357
5 926,7306483057;0,2373894174;23706,92259;0,949557669;47413,84519;1,899115339
5 927,9717227746;0,2332266608;23711,88689;0,932906643;47423,77378;1,865813286
5 929,2039934302;0,2290967897;23716,81597;0,916387159;47433,63195;1,832774318
5 930,4151826646;0,2250413379;23721,66073;0,900165352;47443,32146;1,800330703
5 931,6056511700;0,2210594125;23726,4226;0,88423765;47452,84521;1,7684753
5 932,7757534647;0,2171501212;23731,10301;0,868600485;47462,20603;1,73720097
5 933,9258380021;0,2133125708;23735,70335;0,853250283;47471,4067;1,706500566
5 935,0562472689;0,2095458662;23740,22499;0,838183465;47480,44998;1,67636693
5 936,1673178933;0,2058491102;23744,66927;0,823396441;47489,33854;1,646792882
5 937,2593807387;0,2022214020;23749,03752;0,808885608;47498,07505;1,617771216
5 938,3327610081;0,1986618369;23753,33104;0,794647348;47506,66209;1,589294695
5 939,3773180249;0,1952040990;23757,50927;0,780816396;47515,01854;1,561632792
5 940,4144655301;0,1917774282;23761,65786;0,767109713;47523,31572;1,534219426
5 941,4338699872;0,1884161658;23765,73548;0,753664663;47531,47096;1,507329326
5 942,4358349528;0,1851193855;23769,74334;0,740477542;47539,48668;1,480955084
5 943,4206587854;0,1818861549;23773,68264;0,727544619;47547,36527;1,455089239
5 944,3886347385;0,1787155348;23777,55454;0,714862139;47555,10908;1,429724279
5 945,3400510455;0,1756065795;23781,3602;0,702426318;47562,72041;1,404852636
5 946,2751910066;0,1725583361;23785,10076;0,690233344;47570,20153;1,380466689
5 947,1943330731;0,1695698450;23788,77733;0,67827938;47577,55466;1,35655876
5 948,0977509303;0,1666401397;23792,391;0,666560559;47584,78201;1,333121117
5 948,9769095835;0,1637966828;23795,90764;0,655186731;47591,81528;1,310373462
5 949,8498320329;0,1609810591;23799,39933;0,643924236;47598,79866;1,287848473
5 950,7078209647;0,1582212917;23802,83128;0,632885167;47605,66257;1,265770334
5 951,5511318461;0,1555163886;23806,20453;0,622065554;47612,40905;1,244131109
5 952,3800157722;0,1528653519;23809,52006;0,611461408;47619,04013;1,222922815
5 953,1947195387;0,1502671787;23812,77888;0,601068715;47625,55776;1,202137429
5 953,9954857197;0,1477208612;23815,98194;0,590883445;47631,96389;1,181766889
5 954,7825527368;0,1452253875;23819,13021;0,58090155;47638,26042;1,1618031
5 955,5561549300;0,1427797421;23822,22462;0,571118969;47644,44924;1,142237937
5 956,3165226304;0,1403829067;23825,26609;0,561531627;47650,53218;1,123063253
5 957,0564722866;0,1380571177;23828,22589;0,552228471;47656,45178;1,104456941
5 957,7911730587;0,1357543757;23831,16469;0,543017503;47662,32938;1,086035006
5 958,5133047782;0,1334973879;23834,05322;0,533989552;47668,10644;1,067979104
5 959,2230824444;0,1312851314;23836,89233;0,525140526;47673,78466;1,050281051
5 959,9207173798;0,1291165840;23839,68287;0,516466336;47679,36574;1,032932672
5 960,6064172889;0,1269907253;23842,42567;0,507962901;47684,85134;1,015925803
5 961,2803863222;0,1249065378;23845,12155;0,499626151;47690,24309;0,999252302
5 961,9428251373;0,1228630072;23847,7713;0,491452029;47695,5426;0,982904057
5 962,5939309593;0,1208591239;23850,37572;0,483436496;47700,75145;0,966872991
5 963,2338976374;0,1188938837;23852,93559;0,475575535;47705,87118;0,95115107
5 963,8566791013;0,1169853817;23855,42672;0,467941527;47710,85343;0,935883053
5 964,4750425272;0,1150940800;23857,90017;0,46037632;47715,80034;0,92075264
5 965,0828268598;0,1132384609;23860,33131;0,452953844;47720,66261;0,905907687
5 965,6802130505;0,1114175516;23862,72085;0,445670206;47725,4417;0,891340413
5 966,2673789556;0,1096303895;23865,06952;0,438521558;47730,13903;0,877043116
5 966,8444993878;0,1078760235;23867,378;0,431504094;47734,756;0,863008188
5 967,4117461709;0,1061535145;23869,64698;0,424614058;47739,29397;0,849228116
5 967,9692881894;0,1044619366;23871,87715;0,417847746;47743,75431;0,835695492
5 968,5172914374;0,1028003781;23874,06917;0,411201512;47748,13833;0,822403025
5 969,0559190734;0,1011679424;23876,22368;0,40467177;47752,44735;0,809343539
5 969,5800824327;0,0995796537;23878,32033;0,398318615;47756,64066;0,796637229
5 970,1005270025;0,0980025684;23880,40211;0,392010273;47760,80422;0,784020547
5 970,6120673400;0,0964520231;23882,44827;0,385808092;47764,89654;0,771616185
5 971,1148557500;0,0949271898;23884,45942;0,379708759;47768,91885;0,759417518
5 971,6090419324;0,0934272595;23886,43617;0,373709038;47772,87234;0,747418076
5 972,0947730279;0,0919514433;23888,37909;0,367805773;47776,75818;0,735611546
5 972,5721936612;0,0904989729;23890,28877;0,361995891;47780,57755;0,723991783
5 973,0414459840;0,0890691012;23892,16578;0,356276405;47784,33157;0,71255281
5 973,5026697173;0,0876611033;23894,01068;0,350644413;47788,02136;0,701288827
5 973,9560021937;0,0862742766;23895,82401;0,345097106;47791,64802;0,690194213
5 974,3971605916;0,0849215056;23897,58864;0,339686022;47795,17728;0,679372044
5 974,8351887878;0,0835748108;23899,34076;0,334299243;47798,68151;0,668598487
5 975,2657225041;0,0822473258;23901,06289;0,328989303;47802,12578;0,657978606
5 975,6888899430;0,0809384424;23902,75556;0,323753769;47805,51112;0,647507539
5 976,1048171147;0,0796475772;23904,41927;0,318590309;47808,83854;0,637180618
5 976,5136278754;0,0783741718;23906,05451;0,313496687;47812,10902;0,626993374
5 976,9154439644;0,0771176927;23907,66178;0,308470771;47815,32355;0,616941542
5 977,3103850401;0,0758776319;23909,24154;0,303510528;47818,48308;0,607021055
5 977,6985687160;0,0746535067;23910,79427;0,298614027;47821,58855;0,597228053
5 978,0801105940;0,0734448598;23912,32044;0,293779439;47824,64088;0,587558879
5 978,4514061113;0,0722631224;23913,80562;0,289052489;47827,61125;0,578104979
5 978,8200669529;0,0710840177;23915,28027;0,284336071;47830,56054;0,568672142
5 979,1824199975;0,0699191758;23916,72968;0,279676703;47833,45936;0,559353406
5 979,5385731641;0,0687682402;23918,15429;0,275072961;47836,30859;0,550145922
5 979,8886325255;0,0676308797;23919,55453;0,270523519;47839,10906;0,541047037
5 980,2327023446;0,0665067874;23920,93081;0,266027149;47841,86162;0,532054299
5 980,5708851001;0,0653956808;23922,28354;0,261582723;47844,56708;0,523165446
5 980,9032815202;0,0642973013;23923,61313;0,257189205;47847,22625;0,51437841
5 981,2299906121;0,0632114137;23924,91996;0,252845655;47849,83992;0,50569131
5 981,5511096876;0,0621378059;23926,20444;0,248551224;47852,40888;0,497102447
5 981,8636050404;0,0610868441;23927,45442;0,244347376;47854,90884;0,488694753
5 982,1738829494;0,0600371301;23928,69553;0,24014852;47857,39106;0,480297041
5 982,4788520038;0,0589991931;23929,91541;0,235996772;47859,83082;0,471993545
5 982,7786030478;0,0579729069;23931,11441;0,231891627;47862,22882;0,463783255
5 983,0732253767;0,0569581651;23932,2929;0,22783266;47864,5858;0,455665321
5 983,3628067542;0,0559548807;23933,45123;0,223819523;47866,90245;0,447639046
5 983,6474334476;0,0549629848;23934,58973;0,219851939;47869,17947;0,439703879
5 983,9271902476;0,0539824263;23935,70876;0,215929705;47871,41752;0,431859411
5 984,2021604960;0,0530131707;23936,80864;0,212052683;47873,61728;0,424105365
5 984,4724261103;0,0520551992;23937,8897;0,208220797;47875,77941;0,416441594
5 984,7354338194;0,0511179194;23938,94174;0,204471677;47877,88347;0,408943355
5 984,9965753984;0,0501824063;23939,9863;0,200729625;47879,9726;0,40145925
5 985,2532490125;0,0492582072;23941,013;0,197032829;47882,02599;0,394065658
5 985,5055311331;0,0483453575;23942,02212;0,19338143;47884,04425;0,38676286
5 985,7534969208;0,0474439036;23943,01399;0,189775615;47886,02798;0,379551229
5 985,9972202510;0,0465539024;23943,98888;0,18621561;47887,97776;0,372431219
5 986,2367737377;0,0456754197;23944,94709;0,182701679;47889,89419;0,365403358
5 986,4722287502;0,0448085294;23945,88892;0,179234118;47891,77783;0,358468236
5 986,7036554387;0,0439533128;23946,81462;0,175813251;47893,62924;0,351626502
5 986,9311227522;0,0431098569;23947,72449;0,172439428;47895,44898;0,344878855
5 987,1524817487;0,0422865113;23948,60993;0,169146045;47897,21985;0,33829209
5 987,3722703878;0,0414667382;23949,48908;0,165866953;47898,97816;0,331733906
5 987,5882988540;0,0406590132;23950,3532;0,162636053;47900,70639;0,325272105
5 987,8006315084;0,0398634378;23951,20253;0,159453751;47902,40505;0,318907502
5 988,0093316118;0,0390801147;23952,03733;0,156320459;47904,07465;0,312640917
5 988,2144613395;0,0383091467;23952,85785;0,153236587;47905,71569;0,306473174
5 988,4160818056;0,0375506359;23953,66433;0,150202544;47907,32865;0,300405087
5 988,6142530745;0,0368046826;23954,45701;0,14721873;47908,91402;0,294437461
5 988,8090341863;0,0360713844;23955,23614;0,144285538;47910,47227;0,288571075
5 989,0004831666;0,0353508354;23956,00193;0,141403342;47912,00387;0,282806683
5 989,1867913371;0,0346501387;23956,74717;0,138600555;47913,49433;0,27720111
5 989,3717780958;0,0339552226;23957,48711;0,135820891;47914,97422;0,271641781
5 989,5536003630;0,0332733079;23958,2144;0,133093232;47916,4288;0,266186463
5 989,7323123031;0,0326044663;23958,92925;0,130417865;47917,8585;0,26083573
5 989,9079671483;0,0319487623;23959,63187;0,127795049;47919,26374;0,255590098
5 990,0806172229;0,0313062520;23960,32247;0,125225008;47920,64494;0,250450016
5 990,2503139523;0,0306769828;23961,00126;0,122707931;47922,00251;0,245415862
5 990,4171078816;0,0300609927;23961,66843;0,120243971;47923,33686;0,240487942
5 990,5810486886;0,0294583096;23962,32419;0,117833238;47924,64839;0,235666477
5 990,7421852008;0,0288689509;23962,96874;0,115475803;47925,93748;0,230951607
5 990,8989950961;0,0282986173;23963,59598;0,113194469;47927,19196;0,226388938
5 991,0546930302;0,0277357819;23964,21877;0,110943128;47928,43754;0,221886255
5 991,2077277283;0,0271862556;23964,83091;0,108745022;47929,66182;0,217490045
5 991,3581447636;0,0266500094;23965,43258;0,106600038;47930,86516;0,213200076
5 991,5059889274;0,0261270019;23966,02396;0,104508008;47932,04791;0,209016015
5 991,6513042434;0,0256171789;23966,60522;0,102468716;47933,21043;0,204937431
5 991,7941339811;0,0251204732;23967,17654;0,100481893;47934,35307;0,200963786
5 991,9345206660;0,0246368047;23967,73808;0,098547219;47935,47617;0,197094437
5 992,0725060970;0,0241660798;23968,29002;0,096664319;47936,58005;0,193328638
5 992,2081313561;0,0237081920;23968,83253;0,094832768;47937,66505;0,189665536
5 992,3401151162;0,0232674104;23969,36046;0,093069642;47938,72092;0,186139283
5 992,4711630748;0,0228346983;23969,88465;0,091338793;47939,7693;0,182677586
5 992,5999695397;0,0224144252;23970,39988;0,089657701;47940,79976;0,179315402
5 992,7265728522;0,0220064319;23970,90629;0,088025727;47941,81258;0,176051455
5 992,8510106979;0,0216105461;23971,40404;0,086442184;47942,80809;0,172884369
5 992,9733201137;0,0212265831;23971,89328;0,084906332;47943,78656;0,169812665
5 993,0935375035;0,0208543457;23972,37415;0,083417383;47944,7483;0,166834765
5 993,2116986461;0,0204936246;23972,84679;0,081974498;47945,69359;0,163948996
5 993,3278387079;0,0201441987;23973,31135;0,080576795;47946,62271;0,16115359
5 993,4419922512;0,0198058357;23973,76797;0,079223343;47947,53594;0,158446686
5 993,5530807909;0,0194815149;23974,21232;0,07792606;47948,42465;0,15585212
